cluster,Recency,Frequency,Monetary,n_customers
0,0.0002337391922077692,-0.015170508895161975,-0.015407343711467974,3920
1,-0.916257633454258,59.468394869034896,60.396787348954476,1
